{
  "train_loss": [
    1.934247084391319,
    1.583944828227415,
    1.4666351993205184,
    1.4255702540025872,
    1.3767895674301407,
    1.3294008145898075,
    1.2806698508181815,
    1.2147241917707152,
    1.139687779192197,
    1.0958000973119575,
    1.0499380643084897,
    1.0145509830975936,
    0.9673346032530574,
    0.9491537946765706,
    0.9226865216837091,
    0.9035435383602725,
    0.8886743583921659,
    0.8850949428849301,
    0.8614898709927575,
    0.841903670359466,
    0.8442380296981941,
    0.8208817382990303,
    0.8179433850918786,
    0.8067871285697161,
    0.800135742203664,
    0.7884057774382123,
    0.7779012779058037,
    0.7706411145501217,
    0.7734491031048661,
    0.7574898305585829,
    0.7627948579141649,
    0.7460217368804802,
    0.7457185042106499,
    0.7377487275560023,
    0.7274617568921234,
    0.7223984271793042,
    0.7167600407438763,
    0.715037211321168,
    0.706207110518116,
    0.7059606111655801,
    0.6971391728368856,
    0.6903352612155979,
    0.6880047988083403,
    0.6870046862101151,
    0.6818197850453651,
    0.6748153110681954,
    0.6729881383604922,
    0.6725719635769473,
    0.6676657559507985,
    0.6661569676156771,
    0.6650360246836129,
    0.6610952789500608,
    0.6577060747954805,
    0.6511152635186406,
    0.653275563959348,
    0.6532505734492157,
    0.654085518343974,
    0.6544028035664963,
    0.6587697233183909,
    0.6531298708107511
  ],
  "train_acc": [
    0.3554555084745763,
    0.5052436440677966,
    0.575635593220339,
    0.6012182203389831,
    0.6278601694915255,
    0.6554555084745762,
    0.6774364406779662,
    0.7043961864406779,
    0.7364406779661017,
    0.7595868644067797,
    0.7789194915254237,
    0.7914724576271186,
    0.8117584745762711,
    0.8224046610169492,
    0.8297669491525423,
    0.8369703389830508,
    0.8450741525423728,
    0.8446504237288136,
    0.854343220338983,
    0.8617584745762712,
    0.8627118644067797,
    0.8736228813559322,
    0.8746822033898305,
    0.8766419491525423,
    0.8817796610169492,
    0.885010593220339,
    0.8883474576271186,
    0.8917372881355933,
    0.8920550847457627,
    0.8975635593220339,
    0.8971927966101695,
    0.9020127118644068,
    0.9005826271186441,
    0.9057203389830508,
    0.9071504237288136,
    0.9121822033898305,
    0.9123940677966101,
    0.9149364406779661,
    0.917531779661017,
    0.9179555084745763,
    0.9205508474576272,
    0.9246292372881356,
    0.9240466101694915,
    0.9227224576271187,
    0.9256885593220339,
    0.9287076271186441,
    0.9309322033898305,
    0.9297139830508474,
    0.9323093220338983,
    0.9339512711864407,
    0.9344279661016949,
    0.9345338983050847,
    0.9380296610169492,
    0.9389300847457627,
    0.9383474576271187,
    0.938718220338983,
    0.936864406779661,
    0.9369173728813559,
    0.936281779661017,
    0.9389830508474576
  ],
  "val_loss": [
    1.4414564596576456,
    1.2710015723146038,
    1.6565366854491057,
    1.2085120602007264,
    1.2412262344949039,
    1.4638046613151645,
    1.0204105106106511,
    1.2543071689134762,
    1.012521110817238,
    0.9181175282560748,
    0.9872151274151272,
    0.8789069727909418,
    0.8109534485546159,
    0.7949781604166384,
    0.8105234714201939,
    0.8285943834281262,
    0.727249442677439,
    0.7859829955042145,
    0.7292252375167093,
    0.74072546393783,
    0.7622026419345244,
    0.7033952751866094,
    0.6795187865363227,
    0.7158772552749257,
    0.6552970961288169,
    0.7300548892550999,
    0.7154464892399164,
    0.6629849170755457,
    0.6920367338627945,
    0.67052948112841,
    0.6935765827732322,
    0.6591349382165037,
    0.6753549510755656,
    0.6503008304996255,
    0.6523555727063873,
    0.653594378012198,
    0.6479733417063583,
    0.6721611800605868,
    0.6262437814547692,
    0.630051826518259,
    0.6287150593745856,
    0.6275233688177886,
    0.6274539525420577,
    0.6419105748482692,
    0.6175225226084391,
    0.6273076894548204,
    0.6239203011253733,
    0.6383439442257822,
    0.614867440506264,
    0.6126903155703604,
    0.6173689809846289,
    0.6203510446901674,
    0.6154006355191455,
    0.6138688603448279,
    0.6199479078952177,
    0.614768801589071,
    0.6081384303834704,
    0.6136421797599322,
    0.6128958875455974,
    0.62163764797611
  ],
  "val_acc": [
    0.5945679012345679,
    0.6787654320987654,
    0.508641975308642,
    0.6795061728395062,
    0.6560493827160494,
    0.631358024691358,
    0.7782716049382716,
    0.6520987654320988,
    0.8014814814814815,
    0.8224691358024692,
    0.8128395061728395,
    0.845679012345679,
    0.8777777777777778,
    0.882962962962963,
    0.868641975308642,
    0.8639506172839506,
    0.9022222222222223,
    0.8849382716049383,
    0.9071604938271605,
    0.8977777777777778,
    0.8864197530864197,
    0.9120987654320988,
    0.9251851851851852,
    0.9098765432098765,
    0.9340740740740741,
    0.8938271604938272,
    0.9113580246913581,
    0.9320987654320988,
    0.9175308641975308,
    0.9234567901234568,
    0.9135802469135802,
    0.9281481481481482,
    0.9224691358024691,
    0.9345679012345679,
    0.9323456790123457,
    0.9338271604938272,
    0.9355555555555556,
    0.9254320987654321,
    0.9412345679012346,
    0.9395061728395062,
    0.9441975308641976,
    0.9422222222222222,
    0.9439506172839506,
    0.9392592592592592,
    0.9488888888888889,
    0.9419753086419753,
    0.945679012345679,
    0.94,
    0.9498765432098766,
    0.951358024691358,
    0.9464197530864198,
    0.9469135802469136,
    0.9481481481481482,
    0.9491358024691358,
    0.9469135802469136,
    0.9479012345679012,
    0.9528395061728395,
    0.9491358024691358,
    0.9506172839506173,
    0.9444444444444444
  ],
  "lr": [
    0.0002069074147408017,
    0.0004571395218285839,
    0.0008404921191631468,
    0.0013106927301215487,
    0.0018109859109427615,
    0.0022809839019634175,
    0.0026639557166099398,
    0.0029136748405357684,
    0.002999999967297957,
    0.002997135689840047,
    0.002988592286662861,
    0.002974402165820988,
    0.0029546191553032645,
    0.0029293182988447786,
    0.0028985955712602755,
    0.0028625675143788146,
    0.00282137079496069,
    0.0027751616862735974,
    0.0027241154752946054,
    0.002668425797786606,
    0.002608303903771546,
    0.00254397785618673,
    0.0024756916657639864,
    0.002403704365413377,
    0.002328289027622649,
    0.002249731728599748,
    0.0021683304630877795,
    0.002084394013968873,
    0.0019982407809449455,
    0.0019101975727385705,
    0.0018205983673955566,
    0.0017297830453918176,
    0.0016380961003503159,
    0.0015458853322587473,
    0.0014535005281450617,
    0.001361292135215451,
    0.001269609931488061,
    0.0011788016989651606,
    0.0010892119043768812,
    0.0010011803925009217,
    0.0009150410970149033,
    0.0008311207737715437,
    0.0007497377613017905,
    0.0006712007732477327,
    0.0005958077273060122,
    0.0005238446151239578,
    0.0004555844174353064,
    0.00039128606855077825,
    0.0003311934741315423,
    0.00027553458597150143,
    0.00022452053729805807,
    0.00017834484187146472,
    0.00013718265992084628,
    0.00010119013370145519,
    7.050379519361447e-05,
    4.52400481901507e-05,
    2.5494726736935848e-05,
    1.1342731601526211e-05,
    2.8377461488952296e-06,
    1.2032702042993551e-08
  ]
}