{
  "train_loss": [
    1.6516882451914126,
    1.4394863920696712,
    1.4078977568674895,
    1.3811446775824336,
    1.318192037889513,
    1.2646448785975828,
    1.2118025874687453,
    1.1534487936456326,
    1.0799737142304242,
    1.000026029045299,
    0.9458341372215142,
    0.9023737576048253,
    0.8836315508616173,
    0.8517691929461593,
    0.8284483673208851,
    0.8132943137217377,
    0.8008896084155066,
    0.7911813051013623,
    0.7783600419254626,
    0.7730057441582114,
    0.7618846176034313,
    0.7545027140843666,
    0.7427805270178843,
    0.7435248132479393,
    0.7341921161797087,
    0.7241532018629171,
    0.7178223274521909,
    0.7164964817338071,
    0.7047140301284144,
    0.698688061358565,
    0.6972379888518382,
    0.6921809281333018,
    0.6870351053900637,
    0.6783433017084154,
    0.6757653054544481,
    0.6719418622679629,
    0.6643411472692328,
    0.6641046241178351,
    0.6580991742974621,
    0.6568228129613197,
    0.6510323092088861,
    0.6479703295028816,
    0.6450311854734259,
    0.6403360785064051,
    0.634508951639725,
    0.634699869559983,
    0.6367111343448445,
    0.6298055848832858,
    0.6277146337396008,
    0.6289796249341156,
    0.6232372265751079,
    0.6226582268537101,
    0.6203834517527435,
    0.6200166437585475,
    0.6172914199909921,
    0.6195522203283795,
    0.6162997722625733,
    0.6150953985876956,
    0.6154637379161382,
    0.6164373846377357
  ],
  "train_acc": [
    0.48972457627118643,
    0.5879766949152543,
    0.6065677966101695,
    0.6291313559322034,
    0.6582627118644068,
    0.686281779661017,
    0.710646186440678,
    0.7426906779661017,
    0.7760593220338983,
    0.8138241525423728,
    0.8381885593220338,
    0.8541843220338983,
    0.8641949152542373,
    0.8758474576271187,
    0.885593220338983,
    0.8917372881355933,
    0.8980932203389831,
    0.9014300847457627,
    0.9057733050847457,
    0.9065677966101695,
    0.9145127118644067,
    0.914353813559322,
    0.9194385593220339,
    0.9194385593220339,
    0.9240466101694915,
    0.9265889830508475,
    0.9286016949152542,
    0.9292902542372882,
    0.9341631355932203,
    0.9372351694915254,
    0.9373411016949152,
    0.9400953389830509,
    0.9413135593220339,
    0.9456567796610169,
    0.946239406779661,
    0.9476165254237288,
    0.9516419491525424,
    0.9520656779661016,
    0.9539724576271187,
    0.9538665254237289,
    0.9555614406779661,
    0.956302966101695,
    0.958739406779661,
    0.9604343220338983,
    0.9635063559322034,
    0.9626588983050848,
    0.9613877118644067,
    0.965625,
    0.9655190677966101,
    0.964406779661017,
    0.9661546610169491,
    0.9666843220338983,
    0.9701271186440678,
    0.96875,
    0.9700741525423728,
    0.9682733050847457,
    0.9710275423728814,
    0.9700741525423728,
    0.9700741525423728,
    0.9702330508474576
  ],
  "val_loss": [
    1.3421793968294873,
    1.2863653935326471,
    1.273888995617996,
    1.2308050180364538,
    1.3090892130062903,
    1.1873337630872374,
    1.0296429847787927,
    0.995731249620885,
    0.8969841602113512,
    0.9415550632241332,
    0.9934357099179868,
    0.8375887821927482,
    0.7433050909160096,
    0.814135689764847,
    0.7973836456699136,
    0.6788973879519804,
    0.7557767751481798,
    0.6681412439581789,
    0.769208399337015,
    0.7022902325053274,
    0.6649984085412673,
    0.6546392351315345,
    0.6609670206058172,
    0.6888034041722616,
    0.6595579057858314,
    0.6357806549248872,
    0.685571646572631,
    0.6338925756642848,
    0.6504231482376287,
    0.6626576933743041,
    0.700753258039922,
    0.6567612797536968,
    0.6264974342746499,
    0.630926693663185,
    0.6226056829205265,
    0.6442711784515852,
    0.6246362064797202,
    0.6161375377796314,
    0.609904719458686,
    0.6128391650870995,
    0.6091785868008931,
    0.6249840732857033,
    0.5942271451008173,
    0.6028186907002955,
    0.5989882516566618,
    0.5959347628369743,
    0.5942921029785533,
    0.5928789711587223,
    0.5957204074035456,
    0.5942561808338872,
    0.5916332792647091,
    0.5852920247890331,
    0.5882842836850956,
    0.5850025003044693,
    0.5850490227157688,
    0.5840690831196161,
    0.5850675102810801,
    0.5861968321564757,
    0.5890236190218985,
    0.5865125526616602
  ],
  "val_acc": [
    0.6518518518518519,
    0.6565432098765432,
    0.674074074074074,
    0.688641975308642,
    0.6753086419753086,
    0.7076543209876544,
    0.7866666666666666,
    0.8071604938271605,
    0.8308641975308642,
    0.8195061728395062,
    0.7898765432098765,
    0.8725925925925926,
    0.9145679012345679,
    0.8792592592592593,
    0.8955555555555555,
    0.9392592592592592,
    0.894320987654321,
    0.9417283950617283,
    0.899753086419753,
    0.9266666666666666,
    0.9432098765432099,
    0.9476543209876543,
    0.9441975308641976,
    0.9281481481481482,
    0.9390123456790124,
    0.9560493827160493,
    0.9293827160493827,
    0.9567901234567902,
    0.9479012345679012,
    0.9437037037037037,
    0.9269135802469136,
    0.94,
    0.9562962962962963,
    0.9550617283950618,
    0.9555555555555556,
    0.9464197530864198,
    0.9560493827160493,
    0.9575308641975309,
    0.9622222222222222,
    0.9612345679012345,
    0.9602469135802469,
    0.9550617283950618,
    0.9696296296296296,
    0.9644444444444444,
    0.9646913580246913,
    0.9666666666666667,
    0.9674074074074074,
    0.9703703703703703,
    0.9676543209876544,
    0.9654320987654321,
    0.9679012345679012,
    0.9723456790123457,
    0.9706172839506173,
    0.9723456790123457,
    0.9718518518518519,
    0.9730864197530864,
    0.9720987654320987,
    0.9706172839506173,
    0.9683950617283951,
    0.971358024691358
  ],
  "lr": [
    0.0002069074147408017,
    0.0004571395218285839,
    0.0008404921191631468,
    0.0013106927301215487,
    0.0018109859109427615,
    0.0022809839019634175,
    0.0026639557166099398,
    0.0029136748405357684,
    0.002999999967297957,
    0.002997135689840047,
    0.002988592286662861,
    0.002974402165820988,
    0.0029546191553032645,
    0.0029293182988447786,
    0.0028985955712602755,
    0.0028625675143788146,
    0.00282137079496069,
    0.0027751616862735974,
    0.0027241154752946054,
    0.002668425797786606,
    0.002608303903771546,
    0.00254397785618673,
    0.0024756916657639864,
    0.002403704365413377,
    0.002328289027622649,
    0.002249731728599748,
    0.0021683304630877795,
    0.002084394013968873,
    0.0019982407809449455,
    0.0019101975727385705,
    0.0018205983673955566,
    0.0017297830453918176,
    0.0016380961003503159,
    0.0015458853322587473,
    0.0014535005281450617,
    0.001361292135215451,
    0.001269609931488061,
    0.0011788016989651606,
    0.0010892119043768812,
    0.0010011803925009217,
    0.0009150410970149033,
    0.0008311207737715437,
    0.0007497377613017905,
    0.0006712007732477327,
    0.0005958077273060122,
    0.0005238446151239578,
    0.0004555844174353064,
    0.00039128606855077825,
    0.0003311934741315423,
    0.00027553458597150143,
    0.00022452053729805807,
    0.00017834484187146472,
    0.00013718265992084628,
    0.00010119013370145519,
    7.050379519361447e-05,
    4.52400481901507e-05,
    2.5494726736935848e-05,
    1.1342731601526211e-05,
    2.8377461488952296e-06,
    1.2032702042993551e-08
  ]
}